,Accuracy,Precision,Recall,F1-score,F2-score,AUC
LogisticRegression,0.9859154929577465,0.9770114942528736,1.0,0.9883720930232558,0.9953161592505855,1.0
RandomForest,1.0,1.0,1.0,1.0,1.0,1.0
XGBoost,1.0,1.0,1.0,1.0,1.0,1.0
