Model,CV_Accuracy_Mean,CV_Accuracy_Std,CV_F1_Macro_Mean,CV_F1_Macro_Std,Train_Accuracy_Mean,Overfitting_Gap
Logistic Regression,0.91901878590281,0.020300698206250287,0.8939916112079785,0.028722075277356693,0.929138790724694,0.01012000482188391
Random Forest,0.982425089271852,0.013569410352508554,0.9645373101325501,0.02895773547371524,1.0,0.017574910728147985
XGBoost,0.9894581586710137,0.006560234003952052,0.9870708276182633,0.007466389231729305,0.9977983250229947,0.008340166351980982
