Model,Test_Accuracy,Test_Macro_F1,CV_Macro_F1,Overfitting_Gap
Final Random Forest,0.9788732394366197,0.9594965675057208,0.9808605470222427,0.021363979516521914
