Feature,Importance
HB_LEVEL,0.9393574583040154
Age_Years,0.056078214811007755
GENDER_1,0.004564326884976762
